{"initial_reset_timestamp": 1568678441.0649953, "timestamps": [1568678462.8829358, 1568678464.7509968, 1568678466.453834, 1568678469.9503725, 1568678479.265302, 1568678480.6953242, 1568678489.1628952, 1568678494.3878503, 1568678499.5315979, 1568678513.8431084, 1568678524.5062413, 1568678531.1898756, 1568678532.831515, 1568678543.229389, 1568678551.1345525, 1568678557.4463956, 1568678559.1210642, 1568678563.7469442, 1568678565.4083958, 1568678566.8027, 1568678568.3023949, 1568678578.6171956, 1568678580.6736302, 1568678590.9134204, 1568678595.923115, 1568678599.0793073, 1568678600.638831, 1568678604.4359064, 1568678609.0540407, 1568678620.9607491, 1568678628.0830574, 1568678630.471335, 1568678646.506595, 1568678653.4123774, 1568678655.4407544, 1568678657.7856863, 1568678661.9466007, 1568678672.734523, 1568678682.5584443, 1568678688.4949386, 1568678690.5418482, 1568678699.0109656, 1568678700.5744362, 1568678702.5342042, 1568678719.5604386, 1568678725.6102147, 1568678730.8746073, 1568678735.5229387, 1568678740.0442789, 1568678741.9092155, 1568678746.7787235, 1568678770.7926595, 1568678781.9272811, 1568678786.8339398, 1568678794.9539187, 1568678803.189011, 1568678821.4461002, 1568678830.9818654, 1568678832.914845, 1568678851.2986562, 1568678871.8293476, 1568678888.583541, 1568678974.6397018, 1568678984.9381819, 1568678998.2676015, 1568679002.8514051, 1568679020.9471405, 1568679023.064904, 1568679039.8553257, 1568679054.4418197, 1568679079.0093906, 1568679083.525539, 1568679091.6422982, 1568679099.064901, 1568679101.1616933, 1568679106.2655728, 1568679115.1894484, 1568679135.9083393, 1568679154.8095076, 1568679168.4015846, 1568679173.7981944, 1568679191.9515145, 1568679193.6996613, 1568679195.069292, 1568679208.52254, 1568679210.1459792, 1568679219.10563, 1568679221.6749837, 1568679229.5006313, 1568679239.832256, 1568679247.7042687, 1568679249.5880122, 1568679255.1188047, 1568679257.718337, 1568679261.86472, 1568679263.9724002, 1568679274.389829, 1568679279.1448393, 1568679280.7599711, 1568679285.8057914, 1568679288.4709172, 1568679294.6786518, 1568679300.0093768, 1568679313.443048, 1568679330.986921, 1568679339.292257, 1568679341.623169, 1568679348.5008633, 1568679352.6234887, 1568679353.8549635, 1568679357.1006882, 1568679362.5989795, 1568679393.0919874, 1568679409.1617548, 1568679410.624472, 1568679412.5559387, 1568679414.0439694, 1568679420.3834674, 1568679423.4900148, 1568679425.6021755, 1568679427.642167, 1568679429.9351227, 1568679438.0859227, 1568679439.8890479, 1568679445.5527823, 1568679446.9789333, 1568679456.7527108, 1568679458.5946617, 1568679460.996572, 1568679469.1127605, 1568679475.338506, 1568679477.7728314, 1568679482.4370444, 1568679488.6440253, 1568679502.0627155, 1568679507.6954288, 1568679509.6670706, 1568679513.2024589, 1568679514.8938658, 1568679524.378543, 1568679543.3646052, 1568679559.462541, 1568679561.7467005, 1568679569.9971132, 1568679571.457796, 1568679573.057013, 1568679592.0164633, 1568679595.148739, 1568679597.273501, 1568679599.3358185, 1568679601.1846986, 1568679605.1954856, 1568679613.5614915, 1568679617.8627303, 1568679619.285709, 1568679632.4270806, 1568679645.2370038, 1568679647.9585347, 1568679655.7879314, 1568679663.1878877, 1568679666.0968106, 1568679673.448575, 1568679675.2294858, 1568679693.4220393, 1568679699.2176516, 1568679708.9296405, 1568679718.9585018, 1568679728.7043343, 1568679735.2353542, 1568679745.0404215, 1568679747.0478482, 1568679754.268805, 1568679756.3526056, 1568679773.1818101, 1568679778.5747614, 1568679785.23409, 1568679789.953008, 1568679792.0340343, 1568679796.8393512, 1568679805.1180325, 1568679814.4238074, 1568679822.8120635, 1568679826.2734032, 1568679827.9556983, 1568679829.6817238, 1568679837.2013943, 1568679842.429376, 1568679844.2675884, 1568679864.977163, 1568679869.4211662, 1568679873.806449, 1568679882.5979874, 1568679900.1513162, 1568679910.9796982, 1568679926.447674, 1568679928.6888826, 1568679940.1971927, 1568679942.024829, 1568679952.6567585, 1568679954.815537, 1568679956.9421256, 1568679958.8301773, 1568679960.4612324, 1568679966.5820813, 1568679981.6823232, 1568679986.9106767, 1568679989.381959, 1568679994.7777393, 1568679996.5991318, 1568679999.8555381, 1568680001.8322926], "episode_lengths": [1198, 46, 37, 82, 215, 32, 207, 123, 121, 338, 244, 157, 34, 244, 188, 146, 39, 107, 39, 30, 33, 210, 39, 205, 96, 67, 30, 73, 90, 247, 148, 47, 333, 132, 36, 42, 75, 206, 218, 124, 48, 198, 31, 46, 341, 118, 112, 91, 98, 38, 102, 469, 220, 97, 158, 158, 365, 185, 38, 362, 405, 329, 2001, 237, 299, 104, 417, 47, 387, 341, 575, 101, 176, 162, 51, 116, 199, 487, 426, 316, 119, 421, 38, 28, 305, 34, 205, 56, 176, 239, 181, 45, 126, 59, 89, 48, 233, 110, 36, 106, 61, 135, 122, 304, 402, 194, 52, 153, 92, 27, 69, 126, 710, 378, 32, 41, 32, 136, 67, 43, 46, 46, 181, 40, 129, 29, 221, 39, 54, 180, 144, 53, 100, 138, 312, 131, 43, 75, 34, 215, 442, 371, 54, 185, 32, 36, 436, 68, 42, 46, 37, 84, 185, 100, 31, 290, 290, 63, 171, 166, 65, 161, 38, 410, 130, 214, 222, 222, 147, 217, 42, 158, 45, 376, 120, 144, 106, 45, 102, 177, 210, 188, 77, 37, 37, 158, 117, 42, 468, 102, 95, 196, 395, 241, 355, 45, 261, 39, 237, 50, 45, 37, 32, 130, 346, 117, 55, 121, 39, 70, 39], "episode_rewards": [841.0, 225.0, 230.0, 607.0, 799.0, 251.0, 1135.0, 627.0, 616.0, 1303.0, 1024.0, 636.0, 249.0, 1672.0, 743.0, 638.0, 234.0, 594.0, 240.0, 247.0, 250.0, 1412.0, 245.0, 1033.0, 605.0, 621.0, 249.0, 618.0, 630.0, 1566.0, 775.0, 236.0, 1032.0, 600.0, 245.0, 232.0, 631.0, 1028.0, 1038.0, 1049.0, 215.0, 1034.0, 249.0, 235.0, 1292.0, 630.0, 596.0, 631.0, 618.0, 239.0, 585.0, 1521.0, 1409.0, 648.0, 743.0, 615.0, 771.0, 1346.0, 243.0, 1304.0, 651.0, 695.0, 996.0, 593.0, 1317.0, 613.0, 1271.0, 222.0, 1295.0, 775.0, 944.0, 632.0, 598.0, 635.0, 219.0, 617.0, 804.0, 979.0, 1294.0, 1006.0, 598.0, 989.0, 246.0, 251.0, 1276.0, 246.0, 800.0, 202.0, 731.0, 1034.0, 739.0, 219.0, 597.0, 184.0, 610.0, 244.0, 1108.0, 620.0, 233.0, 620.0, 199.0, 612.0, 600.0, 1088.0, 1476.0, 578.0, 204.0, 618.0, 624.0, 247.0, 163.0, 615.0, 931.0, 981.0, 249.0, 232.0, 244.0, 604.0, 226.0, 230.0, 233.0, 226.0, 793.0, 245.0, 1069.0, 248.0, 1028.0, 237.0, 209.0, 808.0, 611.0, 221.0, 625.0, 640.0, 780.0, 617.0, 244.0, 607.0, 236.0, 720.0, 1286.0, 1298.0, 204.0, 576.0, 249.0, 223.0, 1082.0, 221.0, 228.0, 230.0, 237.0, 130.0, 1058.0, 646.0, 246.0, 662.0, 608.0, 611.0, 724.0, 634.0, 236.0, 595.0, 248.0, 761.0, 728.0, 624.0, 669.0, 623.0, 637.0, 1029.0, 230.0, 587.0, 213.0, 1072.0, 624.0, 555.0, 617.0, 214.0, 610.0, 780.0, 702.0, 629.0, 129.0, 227.0, 234.0, 635.0, 613.0, 233.0, 1641.0, 578.0, 615.0, 760.0, 588.0, 742.0, 1306.0, 224.0, 741.0, 228.0, 1024.0, 199.0, 241.0, 234.0, 246.0, 642.0, 1636.0, 609.0, 183.0, 613.0, 239.0, 153.0, 232.0], "episode_types": ["t", "t", "t", "t", "t", "t", "t", "t", "t", "t", "t", "t", "t", "t", "t", "t", "t", "t", "t", "t", "t", "t", "t", "t", "t", "t", "t", "t", "t", "t", "t", "t", "t", "t", "t", "t", "t", "t", "t", "t", "t", "t", "t", "t", "t", "t", "t", "t", "t", "t", "t", "t", "t", "t", "t", "t", "t", "t", "t", "t", "t", "t", "t", "t", "t", "t", "t", "t", "t", "t", "t", "t", "t", "t", "t", "t", "t", "t", "t", "t", "t", "t", "t", "t", "t", "t", "t", "t", "t", "t", "t", "t", "t", "t", "t", "t", "t", "t", "t", "t", "t", "t", "t", "t", "t", "t", "t", "t", "t", "t", "t", "t", "t", "t", "t", "t", "t", "t", "t", "t", "t", "t", "t", "t", "t", "t", "t", "t", "t", "t", "t", "t", "t", "t", "t", "t", "t", "t", "t", "t", "t", "t", "t", "t", "t", "t", "t", "t", "t", "t", "t", "t", "t", "t", "t", "t", "t", "t", "t", "t", "t", "t", "t", "t", "t", "t", "t", "t", "t", "t", "t", "t", "t", "t", "t", "t", "t", "t", "t", "t", "t", "t", "t", "t", "t", "t", "t", "t", "t", "t", "t", "t", "t", "t", "t", "t", "t", "t", "t", "t", "t", "t", "t", "t", "t", "t", "t", "t", "t", "t", "t", "t", "t"]}