{"initial_reset_timestamp": 1566765488.3545034, "timestamps": [1566765490.844965, 1566765505.0630517, 1566765527.2239618, 1566765529.4767349, 1566765532.3737295, 1566765556.8366952, 1566765580.992048, 1566765608.5089557, 1566765682.1467385, 1566765686.1160536, 1566765759.6468544, 1566765763.8838007, 1566765837.8954167], "episode_lengths": [230, 1328, 2020, 217, 279, 2020, 2020, 2005, 2005, 100, 2005, 112, 2005], "episode_rewards": [134.0, 482.0, 99.0, 23.0, 100.0, 436.0, 138.0, 263.0, 214.0, 167.0, 194.0, 62.0, 197.0], "episode_types": ["t", "t", "t", "t", "t", "t", "t", "t", "t", "t", "t", "t", "t", "t", "t"]}